{"KC-V\u017d": {"X": 46.165636154179325, "Y": 16.816919445991516, "PK": ["05:16", "06:00", "07:38", "08:41", "11:07", "13:34", "15:21", "16:45", "18:44", "20:08", "23:01"], "OK": ["04:33", "05:38", "06:28", "08:16", "09:02", "11:50", "13:08", "14:37", "16:00", "16:52", "18:01", "19:22", "20:29"]}, "KC-BT": {"X": 46.16584420872818, "Y": 16.81730568408966, "PK": ["NEMA"], "OK": ["NEMA"]}, "KC-VT": {"X": 46.16471847561896, "Y": 16.816468834877014, "PK": ["04:31", "05:16", "07:25", "08:40", "10:52", "13:05", "14:42", "19:41", "20:19"], "OK": ["05:53", "08:13", "08:55", "11:28", "14:43", "15:40", "17:57", "20:24"]}, "KC-ZG": {"X": 46.16482250472709, "Y": 16.816254258155823, "PK": ["05:46", "06:25", "08:03", "08:49", "12:56", "14:29", "16:14", "16:46", "17:34", "17:48", "18:44", "20:10", "22:03", "23:58"], "OK": ["03:59", "04:40", "05:21", "06:04", "07:41", "08:51", "08:55", "11:12", "11:28", "14:03", "14:37", "14:43", "17:19", "19:51", "20:22"]}, "KUNOVEC-SUBOTICA": {"X": 46.19372006384636, "Y": 16.75668239593506, "PK": ["5:10", "07:32", "08:35", "11:01", "13:28", "15:15", "16:39", "18:38", "20:02", "22:55"], "OK": ["04:39", "05:44", "06:34", "08:22", "09:08", "11:56", "13:14", "14:43", "16:06", "18:07", "19:28", "20:35"]}, "DRNJE": {"X": 46.21397647429991, "Y": 16.895567178726196, "PK": ["NEMA"], "OK": ["NEMA"]}, "BREGI": {"X": 46.12672727517926, "Y": 16.891930103302002, "PK": ["04:21", "05:06", "07:15", "10:42", "12:55", "14:32", "20:09"], "OK": ["06:03", "08:23", "09:05", "11:38", "14:53", "15:50", "20:34"]}, "MU\u010cNA REKA": {"X": 46.12307618251049, "Y": 16.76042675971985, "PK": ["05:41", "06:20", "08:44", "12:51", "14:24", "16:09", "17:29", "18:39", "20:06", "21:58", "23:53"], "OK": ["04:04", "04:46", "05:27", "07:45", "11:18", "14:07", "15:49", "17:25", "20:26"]}}